{
  "episode_reward": [
    10424.624944689926,
    10542.935401533077,
    10681.377754935958,
    10465.12488877093,
    10934.594435228102,
    12627.72606488778,
    11377.961868377652,
    11297.366582498094,
    11086.318891030725,
    10490.459009083192,
    10539.186470359762,
    11419.127753710365,
    11584.373648823801,
    12562.679061607567,
    11008.185126001947,
    11358.743669614321,
    12364.062218786172,
    11711.659540798391,
    11508.382691764298,
    12779.952915568272,
    12279.718621273247,
    10964.039440963541,
    12580.199281471301,
    12167.276975040113,
    11961.020520005019,
    11455.804057208907,
    13533.065351950445,
    11979.801833028672,
    11426.569276282044,
    11361.799941443407,
    12314.091026883685,
    12691.612287916776,
    12445.615218939378,
    12444.202575756739,
    11425.899971569024,
    13914.989134653739,
    13463.045475906716,
    11805.492142685665,
    11465.365030637679,
    12409.13717377227,
    12976.178579617681,
    12204.352545468277,
    11945.252141901638,
    12269.720532783564,
    12926.248262870811,
    12981.68307799184,
    14103.3095976142,
    11400.20780905751,
    12792.321609296361,
    13507.725096556742,
    11628.36741283306,
    14672.507439942576,
    12484.652907571723,
    11423.196450163028,
    11647.189157016757,
    11629.680758110046,
    12350.995239577562,
    13620.072399567189,
    12229.27018258318,
    11972.322110046558,
    13262.932926815402,
    13558.877364969681,
    13745.295284567515,
    13482.397589904784,
    11247.712782988376,
    12330.859453746209,
    15059.363816246805,
    11919.092972277847,
    11158.938890105544,
    13848.563311480008,
    13100.084882737901,
    13306.787407984111,
    13721.277428244157,
    12852.78331263557,
    12713.521401778922,
    13237.383988522124,
    13003.04521642673,
    14893.165898804651,
    11475.844699153347,
    13952.228988859206,
    13346.067192617047,
    13308.140291871194,
    11655.072580130016,
    14046.820605924775,
    11681.020936560422,
    12516.939350020088,
    11909.17208335313,
    14216.632142249004,
    12231.094808392681,
    12292.730667473885,
    11578.074726747249,
    12646.59951145316,
    14137.61751364445,
    16541.272586780768,
    12825.2806558714,
    12664.960130816415,
    12342.954919499656,
    12482.914667563047,
    11927.706922242965,
    12832.84997464608
  ],
  "throughput": [
    21.75348408287365,
    13.878909068736082,
    21.50513405781197,
    17.166458367178528,
    18.548562325843438,
    33.89848265686166,
    14.746148073511407,
    14.345562520463467,
    14.29944928527007,
    17.33709080966618,
    12.894273339793981,
    12.822955560890051,
    17.138301552614337,
    19.712628868300243,
    15.739261535164712,
    29.78436509280914,
    24.00588423916214,
    17.482229743055107,
    22.23505969806293,
    25.986599008377592,
    13.66945340373016,
    14.648828649070827,
    29.454786292856998,
    20.08548996947572,
    13.070342032687707,
    13.070195818873668,
    18.36605907001474,
    14.36593092664194,
    27.035932182294427,
    15.53941992674058,
    43.50670632088888,
    19.773045899967045,
    17.878325178722815,
    14.60328431046762,
    13.85375174961591,
    28.456218265903793,
    16.86417254493609,
    13.939753494278957,
    14.30011879025985,
    22.068611052335456,
    18.93576797199238,
    13.776169451567045,
    31.02340815292569,
    15.256557489579285,
    19.159264979159854,
    26.866033489440248,
    22.366832141442398,
    29.48514952234591,
    22.841437907148833,
    17.225099914675123,
    14.539504200209835,
    21.69500670681553,
    17.39370680828618,
    17.290267701091363,
    17.419865245841514,
    20.929992164734422,
    13.27971092705796,
    25.929134222116083,
    15.293469703260405,
    16.58182677600689,
    25.711804435261612,
    26.870047823742954,
    13.37596304781757,
    20.628079265291447,
    19.39211011660675,
    20.32027127115578,
    25.091767621678517,
    14.002497576311146,
    26.71632675600438,
    33.59404697863898,
    19.75714652154644,
    21.311372179738683,
    20.469142129076356,
    21.444847449407757,
    24.62528347276055,
    18.38785767459422,
    13.69383242532391,
    22.547399191299593,
    13.228212412664567,
    13.297516925481355,
    25.043190114543208,
    35.56796109348944,
    19.028056895007968,
    17.57078841496835,
    13.231210559094745,
    16.082416542759574,
    17.46458609816729,
    15.45097656304867,
    23.919364928674028,
    17.351983007971906,
    15.305295868991854,
    18.08223142443416,
    48.80971452045612,
    15.479424817416541,
    18.107750847534103,
    20.798442397836162,
    16.881994120490525,
    22.704393941811997,
    20.048569175373768,
    17.455693681852253
  ],
  "connectivity": [
    0.75,
    1.0,
    0.875,
    1.0,
    0.625,
    0.375,
    1.0,
    1.0,
    1.0,
    1.0,
    1.0,
    1.0,
    0.5,
    1.0,
    1.0,
    0.375,
    0.5,
    0.875,
    0.5,
    0.5,
    1.0,
    1.0,
    0.375,
    1.0,
    1.0,
    1.0,
    0.625,
    1.0,
    0.5,
    1.0,
    0.25,
    1.0,
    1.0,
    1.0,
    1.0,
    0.375,
    1.0,
    1.0,
    1.0,
    0.875,
    1.0,
    1.0,
    0.375,
    1.0,
    0.875,
    0.375,
    0.875,
    0.375,
    0.625,
    1.0,
    1.0,
    0.75,
    0.875,
    0.75,
    0.875,
    0.5,
    1.0,
    0.375,
    1.0,
    1.0,
    0.625,
    0.875,
    1.0,
    0.875,
    0.75,
    0.75,
    0.5,
    1.0,
    0.625,
    0.375,
    1.0,
    0.75,
    0.625,
    0.625,
    0.625,
    0.875,
    1.0,
    0.75,
    0.875,
    1.0,
    0.75,
    0.375,
    0.75,
    0.875,
    1.0,
    1.0,
    0.625,
    0.875,
    0.5,
    0.75,
    1.0,
    1.0,
    0.25,
    1.0,
    0.75,
    0.875,
    0.875,
    0.75,
    0.75,
    0.75
  ],